"ADM2_NA.x","Ctchm_1","ADM3_NA","uniq_id2","THEMES","Th","Th_A","Tot","Tot_A"
"Bua","Aileya Creek","Bua","Aileya Creek_Bua",6.2,5.21619098947514,4.58113297154397,5.70809549473757,5.39056648577198
"Ba","Ba","Ba","Ba_Ba",5.9,6.63388086627622,4.30634941035903,6.26694043313811,5.10317470517951
"Ba","Ba","Magodro","Ba_Magodro",4.7,5.92620813611701,2.58954058457016,5.31310406805851,3.64477029228508
"Ba","Ba","Nawaka","Ba_Nawaka",5.5,0.930044396286311,1.65894338259331,3.21502219814316,3.57947169129665
"Ba","Ba","Tavua","Ba_Tavua",5.8,5.07455216886599,2.72194513607993,5.437276084433,4.26097256803997
"Ba","Ba","Vuda","Ba_Vuda",6.3,2.36656449380018,3.89396038129223,4.33328224690009,5.09698019064612
"Nadroga_Navosa","Ba","Navosa","Ba_Navosa",5.6,3.24433796449535,2.58319624775117,4.42216898224767,4.09159812387559
"Ra","Barotu","Nalawa","Barotu_Nalawa",5.3,0.415382594351675,2.31196720417758,2.85769129717584,3.80598360208879
"Ra","Barotu","Saivou","Barotu_Saivou",5.2,1.97713916313299,2.47034797954386,3.58856958156649,3.83517398977193
"Bua","Batiri","Vuya","Batiri_Vuya",5.8,1.25443751138592,2.34052194869777,3.52721875569296,4.07026097434888
"Bua","Batiri","Wainunu","Batiri_Wainunu",5.7,2.17619072522561,2.8665880604949,3.93809536261281,4.28329403024745
"Rewa","Beqa Island","Beqa","Beqa Island_Beqa",5.4,0.765588317617572,1.83126199186417,3.08279415880879,3.61563099593209
"Macuata","Bourewa River","Dogotuki","Bourewa River_Dogotuki",5.1,1.60138348461196,1.74278419155841,3.35069174230598,3.42139209577921
"Cakaudrove","Buca River","Cakaudrove","Buca River_Cakaudrove",6,1.14001806683825,0.820015200085023,3.57000903341913,3.41000760004251
"Cakaudrove","Buca River","Tunuloa","Buca River_Tunuloa",6,1.66259435900714,1.06190055919764,3.83129717950357,3.53095027959882
"Cakaudrove","Bucaisau River","Vaturova","Bucaisau River_Vaturova",5.4,3.58068394013568,2.20488893033829,4.49034197006784,3.80244446516915
"Macuata","Bucaisau River","Labasa","Bucaisau River_Labasa",5.8,6.14607444261004,4.49799591213264,5.97303722130502,5.14899795606632
"Macuata","Bucalevu","Labasa","Bucalevu_Labasa",5.8,3.53832232203846,4.3501815275342,4.66916116101923,5.0750907637671
"Lomaiviti","Bureta River","Ovalau","Bureta River_Ovalau",5.8,0.411784836380975,1.25921623550022,3.10589241819049,3.52960811775011
"Cakaudrove","Codreudreu","Wailevu","Codreudreu_Wailevu",5.6,3.04279623082892,3.33926985208745,4.32139811541446,4.46963492604372
"Macuata","Codreudreu","Sasa","Codreudreu_Sasa",5.3,1.55146761447652,3.23216956614883,3.42573380723826,4.26608478307441
"Cakaudrove","Dama","Tunuloa","Dama_Tunuloa",6,1.17562182602597,1.54265660546931,3.58781091301299,3.77132830273465
"Bua","Dama River","Bua","Dama River_Bua",6.2,1.75589905747116,3.86043554335591,3.97794952873558,5.03021777167795
"Bua","Dama River","Vuya","Dama River_Vuya",5.8,4.22629216766452,2.97339116207866,5.01314608383226,4.38669558103933
"Bua","Dama River","Wainunu","Dama River_Wainunu",5.7,1.53040854583695,1.94602017649523,3.61520427291847,3.82301008824762
"Ra","Dawasamu River","Nakorotubu","Dawasamu River_Nakorotubu",6.2,0.831004317987445,1.37189680718612,3.51550215899372,3.78594840359306
"Tailevu","Dawasamu River","Sawakasa","Dawasamu River_Sawakasa",5.6,1.41286522831866,1.67420008609872,3.50643261415933,3.63710004304936
"Cakaudrove","Dawato River","Saqani","Dawato River_Saqani",6.1,2.08151681343127,2.51487002371598,4.09075840671563,4.30743501185799
"Cakaudrove","Dawato River","Vaturova","Dawato River_Vaturova",5.4,1.03691015463687,2.71419341952135,3.21845507731844,4.05709670976068
"Cakaudrove","Delaimaravu","Nasavusavu","Delaimaravu_Nasavusavu",5.8,2.05034934870978,1.97775534300268,3.92517467435489,3.88887767150134
"Cakaudrove","Dogoru River","Wailevu","Dogoru River_Wailevu",5.6,2.29358683629313,2.36105086159495,3.94679341814656,3.98052543079747
"Ra","Drauniivi","Rakiraki","Drauniivi_Rakiraki",5.7,1.40127907192344,2.8677225831831,3.55063953596172,4.28386129159155
"Bua","Draunivuga","Bua","Draunivuga_Bua",6.2,2.67676554032084,3.28398174544333,4.43838277016042,4.74199087272167
"Macuata","Draunivuga","Macuata","Draunivuga_Macuata",6.1,3.60559842446031,4.16840164415836,4.85279921223015,5.13420082207918
"Cakaudrove","Drekeniwai River","Cakaudrove","Drekeniwai River_Cakaudrove",6,2.24637648184245,2.2912410148626,4.12318824092123,4.1456205074313
"Cakaudrove","Drekeniwai River","Nasavusavu","Drekeniwai River_Nasavusavu",5.8,1.57022568293372,2.52524696400121,3.68511284146686,4.16262348200061
"Cakaudrove","Drekeniwai River","Tunuloa","Drekeniwai River_Tunuloa",6,1.00002743856737,0.700122032167151,3.50001371928369,3.35006101608358
"Cakaudrove","Dreketi Creek","Nasavusavu","Dreketi Creek_Nasavusavu",5.8,1.57233431195777,2.39682848835449,3.68616715597889,4.09841424417725
"Cakaudrove","Dreketi River","Wailevu","Dreketi River_Wailevu",5.6,5.3411017891804,3.35331764430198,5.4705508945902,4.47665882215099
"Macuata","Dreketi River","Labasa","Dreketi River_Labasa",5.8,3.29663237549912,3.12497635059978,4.54831618774956,4.46248817529989
"Macuata","Dreketi River","Macuata","Dreketi River_Macuata",6.1,7.91094958042632,4.25512303469188,7.00547479021316,5.17756151734594
"Macuata","Dreketi River","Sasa","Dreketi River_Sasa",5.3,6.79792723700401,3.41795269573611,6.048963618502,4.35897634786805
"Serua","Drodrowa Creek","Serua","Drodrowa Creek_Serua",6.4,0.432136757523956,1.20743161289786,3.41606837876198,3.80371580644893
"Cakaudrove","Dromuninuku","Nasavusavu","Dromuninuku_Nasavusavu",5.8,1.35675808667035,1.78464482279408,3.57837904333517,3.79232241139704
"Ra","Ellington","Rakiraki","Ellington_Rakiraki",5.7,2.70935791455932,3.2546079296937,4.20467895727966,4.47730396484685
"Ra","Ellington","Saivou","Ellington_Saivou",5.2,1.50766076895818,2.32675152522783,3.35383038447909,3.76337576261391
"Cakaudrove","Kasavu River","Cakaudrove","Kasavu River_Cakaudrove",6,1.28877279729963,2.31447872738935,3.64438639864982,4.15723936369468
"Cakaudrove","Kasavu River","Nasavusavu","Kasavu River_Nasavusavu",5.8,1.31260103449313,2.52170747313343,3.55630051724657,4.16085373656672
"Bua","Kilaka","Vuya","Kilaka_Vuya",5.8,1.90405216986779,1.92766960577833,3.8520260849339,3.86383480288917
"Bua","Kilaka","Wainunu","Kilaka_Wainunu",5.7,1.18989271974633,2.28509772145207,3.44494635987316,3.99254886072603
"Cakaudrove","Kilaka","Wailevu","Kilaka_Wailevu",5.6,1.91717896889471,2.58289793991856,3.75858948444735,4.09144896995928
"Cakaudrove","Kioa Island","Cakaudrove","Kioa Island_Cakaudrove",6,1.33920867858365,1.24527187407711,3.66960433929182,3.62263593703856
"Cakaudrove","Koroalau River","Nasavusavu","Koroalau River_Nasavusavu",5.8,1.17583629512128,1.86709449543083,3.48791814756064,3.83354724771541
"Cakaudrove","Koroalau River","Vaturova","Koroalau River_Vaturova",5.4,2.90433476127951,2.18402145280719,4.15216738063975,3.7920107264036
"Bua","Korolevu River","Wainunu","Korolevu River_Wainunu",5.7,1.72936171455168,1.93447041492274,3.71468085727584,3.81723520746137
"Cakaudrove","Koronatoga","Nasavusavu","Koronatoga_Nasavusavu",5.8,1.50827206600034,1.98193289721479,3.65413603300017,3.89096644860739
"Cakaudrove","Koronatoga","Vaturova","Koronatoga_Vaturova",5.4,1.31477833774827,2.04693121558598,3.35738916887414,3.72346560779299
"Cakaudrove","Korotasere","Vaturova","Korotasere_Vaturova",5.4,2.43360398864211,2.64694028261255,3.91680199432106,4.02347014130628
"Serua","Korovisilou","Nuku","Korovisilou_Nuku",5.8,0.0493205387910782,1.53873765765752,2.92466026939554,3.66936882882876
"Serua","Korovisilou","Serua","Korovisilou_Serua",6.4,0.976463797440068,1.17549654030519,3.68823189872003,3.78774827015259
"Cakaudrove","Kubulau","Tunuloa","Kubulau_Tunuloa",6,1.19093367399394,1.4770566435876,3.59546683699697,3.7385283217938
"Nadroga_Navosa","Kubuna","Malomalo","Kubuna_Malomalo",6,5.08965516249249,3.14622915746252,5.54482758124624,4.57311457873126
"Cakaudrove","Labasa River","Vaturova","Labasa River_Vaturova",5.4,5.03559140133037,2.12571124591357,5.21779570066519,3.76285562295678
"Cakaudrove","Labasa River","Wailevu","Labasa River_Wailevu",5.6,1.90318726628288,2.99595701543262,3.75159363314144,4.29797850771631
"Macuata","Labasa River","Labasa","Labasa River_Labasa",5.8,5.42262576142344,4.75233291830153,5.61131288071172,5.27616645915077
"Cakaudrove","Lagalaga River","Saqani","Lagalaga River_Saqani",6.1,1.5342183704373,2.49054682792887,3.81710918521865,4.29527341396444
"Macuata","Lagalaga River","Dogotuki","Lagalaga River_Dogotuki",5.1,1.22411187568739,2.26709234872476,3.16205593784369,3.68354617436238
"Macuata","Lagalaga River","Labasa","Lagalaga River_Labasa",5.8,5.99584349273988,4.87985895255972,5.89792174636994,5.33992947627986
"Cakaudrove","Lakeba","Saqani","Lakeba_Saqani",6.1,2.26767741741833,2.45140716891845,4.18383870870916,4.27570358445923
"Macuata","Lakeba","Dogotuki","Lakeba_Dogotuki",5.1,1.22407899708063,1.88385216401961,3.16203949854032,3.4919260820098
"Rewa","Lami","Suva","Lami_Suva",6.1,2.04209264322048,3.85816145251704,4.07104632161024,4.97908072625852
"Naitasiri","Lami","Naitasiri","Lami_Naitasiri",6.3,2.00182417912164,3.00277330744059,4.15091208956082,4.6513866537203
"Ba","Lawaki","Vuda","Lawaki_Vuda",6.3,3.97605982154634,4.36606697522262,5.13802991077317,5.33303348761131
"Cakaudrove","Loa","Cakaudrove","Loa_Cakaudrove",6,1.79859857378553,2.57045903917281,3.89929928689277,4.28522951958641
"Cakaudrove","Loa","Tunuloa","Loa_Tunuloa",6,1.03865168773799,1.12630965301549,3.519325843869,3.56315482650775
"Namosi","Lobau","Veivatuloa","Lobau_Veivatuloa",5.4,1.93567297522001,2.29965488797088,3.66783648761,3.84982744398544
"Cakaudrove","Lumiboso","Tunuloa","Lumiboso_Tunuloa",6,1.52297605618956,1.17533347622703,3.76148802809478,3.58766673811351
"Bua","Luvuluvu","Bua","Luvuluvu_Bua",6.2,5.06515511522237,3.95544888875237,5.63257755761119,5.07772444437619
"Bua","Luvuluvu","Vuya","Luvuluvu_Vuya",5.8,1.27641303962131,3.00378327876348,3.53820651981066,4.40189163938174
"Ra","Malake","Rakiraki","Malake_Rakiraki",5.7,0.762806987428379,2.37923471954802,3.23140349371419,4.03961735977401
"Macuata","Malau","Labasa","Malau_Labasa",5.8,4.71806291674214,5.09556488352896,5.25903145837107,5.44778244176448
"Macuata","Malau","Macuata","Malau_Macuata",6.1,2.37383810374286,3.90723861936919,4.23691905187143,5.0036193096846
"Nadroga_Navosa","Malolo","Malolo","Malolo_Malolo",4.3,0.879548354353872,2.11400417878334,2.58977417717694,3.20700208939167
"Ba","Marika Creek","Nadi","Marika Creek_Nadi",5.7,2.90622962873174,4.10179300967292,4.30311481436587,4.90089650483646
"Ba","Marika Creek","Vuda","Marika Creek_Vuda",6.3,2.87821212310076,4.48691567744381,4.58910606155038,5.39345783872191
"Cakaudrove","Mariko River","Nasavusavu","Mariko River_Nasavusavu",5.8,2.31163989627994,2.05226772814087,4.05581994813997,3.92613386407044
"Cakaudrove","Mariko River","Vaturova","Mariko River_Vaturova",5.4,1.81551017257905,2.07972996245472,3.60775508628952,3.73986498122736
"Cakaudrove","Mariko River","Wailevu","Mariko River_Wailevu",5.6,1.90952623970767,4.06801521312604,3.75476311985383,4.83400760656302
"Cakaudrove","Mataniwai River","Cakaudrove","Mataniwai River_Cakaudrove",6,1.23850624994608,2.40312754484701,3.61925312497304,4.2015637724235
"Cakaudrove","Mataniwai River","Nasavusavu","Mataniwai River_Nasavusavu",5.8,1.29876596964337,2.06630712702892,3.54938298482168,3.93315356351446
"Namosi","Mau","Veivatuloa","Mau_Veivatuloa",5.4,1.46042578571285,3.06880485646019,3.43021289285643,4.2344024282301
"Nadroga_Navosa","Momi","Malomalo","Momi_Malomalo",6,3.18017909012392,3.01063063960964,4.59008954506196,4.50531531980482
"Lomaiviti","Moturiki Island","Ovalau","Moturiki Island_Ovalau",5.8,0.232081917182662,1.370366434099,3.01604095859133,3.5851832170495
"Nadroga_Navosa","Muanidele Creek","Baravi","Muanidele Creek_Baravi",6,1.23100863133813,1.34888834760198,3.61550431566906,3.67444417380099
"Ba","Musuniwai Creek","Vuda","Musuniwai Creek_Vuda",6.3,3.96588923847017,4.57572497000709,5.13294461923508,5.43786248500354
"Cakaudrove","Nabalebale","Nasavusavu","Nabalebale_Nasavusavu",5.8,1.22043907697019,1.79089958530002,3.51021953848509,3.79544979265001
"Bua","Nabau","Vuya","Nabau_Vuya",5.8,1.93897945424837,2.37704053552362,3.86948972712418,4.08852026776181
"Bua","Nabau","Wainunu","Nabau_Wainunu",5.7,2.56673073825784,3.29285859962407,4.13336536912892,4.49642929981203
"Namosi","Naboro","Veivatuloa","Naboro_Veivatuloa",5.4,0.0334124666804491,1.01731734636309,2.71670623334022,3.20865867318154
"Rewa","Naboro","Suva","Naboro_Suva",6.1,0.398595085131688,2.35812452040207,3.24929754256584,4.22906226020103
"Macuata","Nabouono","Macuata","Nabouono_Macuata",6.1,3.19254341249037,4.27752685528245,4.64627170624519,5.18876342764123
"Serua","Naboutini","Nuku","Naboutini_Nuku",5.8,0.0141614577748474,0.758127176294533,2.90708072888742,3.27906358814727
"Serua","Naboutini","Serua","Naboutini_Serua",6.4,0.456149630718357,0.943603580584391,3.42807481535918,3.6718017902922
"Cakaudrove","Naboutini","Saqani","Naboutini_Saqani",6.1,1.9342127124977,2.65374883642334,4.01710635624885,4.37687441821167
"Macuata","Nabubou","Dogotuki","Nabubou_Dogotuki",5.1,1.68576646930076,1.85295689905334,3.39288323465038,3.47647844952667
"Cakaudrove","Nadamole","Nasavusavu","Nadamole_Nasavusavu",5.8,1.09039594997058,2.27546767474638,3.44519797498529,4.03773383737319
"Cakaudrove","Nadamole","Vaturova","Nadamole_Vaturova",5.4,1.00605294900623,0.71116879985573,3.20302647450311,3.05558439992787
"Cakaudrove","Nadamole","Wailevu","Nadamole_Wailevu",5.6,3.8058989347822,4.21020329735924,4.7029494673911,4.90510164867962
"Cakaudrove","Nadawa Bay","Saqani","Nadawa Bay_Saqani",6.1,2.43179667345888,2.96492435273851,4.26589833672944,4.53246217636925
"Macuata","Nadawa Bay","Dogotuki","Nadawa Bay_Dogotuki",5.1,1.27097310783154,2.07068879531482,3.18548655391577,3.58534439765741
"Ba","Nadi","Magodro","Nadi_Magodro",4.7,1.14040363936993,1.66382442136218,2.92020181968496,3.18191221068109
"Ba","Nadi","Nadi","Nadi_Nadi",5.7,5.3473627689151,4.3845768589378,5.52368138445755,5.0422884294689
"Ba","Nadi","Nawaka","Nadi_Nawaka",5.5,6.37039466616161,2.48886191003532,5.93519733308081,3.99443095501766
"Ba","Nadi","Vuda","Nadi_Vuda",6.3,2.30625381035363,5.0226339035567,4.30312690517682,5.66131695177835
"Nadroga_Navosa","Nadi","Malomalo","Nadi_Malomalo",6,0.766378657459445,3.37486617362295,3.38318932872972,4.68743308681148
"Nadroga_Navosa","Nadi","Nasigatoka","Nadi_Nasigatoka",5.8,0.595101919403034,3.08597444617373,3.19755095970152,4.44298722308687
"Nadroga_Navosa","Nadi","Navosa","Nadi_Navosa",5.6,1.01042148559408,1.20112500506378,3.30521074279704,3.40056250253189
"Rewa","Naikorokoro","Suva","Naikorokoro_Suva",6.1,0.701396122734187,2.47396435943736,3.40069806136709,4.28698217971868
"Cakaudrove","Nailoilo","Nasavusavu","Nailoilo_Nasavusavu",5.8,1.25898494256254,2.04267604620225,3.52949247128127,3.92133802310112
"Tailevu","Naimasi Creek","Sawakasa","Naimasi Creek_Sawakasa",5.6,0.806656966740613,1.93490448171392,3.20332848337031,3.76745224085696
"Tailevu","Naimasimasi","Bau","Naimasimasi_Bau",6.1,1.54432631020944,3.21050057429509,3.82216315510472,4.65525028714755
"Tailevu","Naimasimasi","Verata","Naimasimasi_Verata",6.2,2.06616595197919,2.44291196448384,4.13308297598959,4.32145598224192
"Naitasiri","Naimasimasi","Naitasiri","Naimasimasi_Naitasiri",6.3,2.05546412929221,2.71102136130788,4.1777320646461,4.50551068065394
"Bua","Nakabuta","Vuya","Nakabuta_Vuya",5.8,2.02248748899572,2.16949317120959,3.91124374449786,3.9847465856048
"Bua","Nakabuta","Wainunu","Nakabuta_Wainunu",5.7,2.27423591464248,3.36503021160082,3.98711795732124,4.53251510580041
"Bua","Nakalavo","Bua","Nakalavo_Bua",6.2,5.33992798827433,4.48872210407007,5.76996399413717,5.34436105203504
"Cakaudrove","Nakanakana","Tunuloa","Nakanakana_Tunuloa",6,1.35335301803191,1.65867546868921,3.67667650901596,3.8293377343446
"Cakaudrove","Nakarabo","Vaturova","Nakarabo_Vaturova",5.4,2.78505167140778,3.48363828303139,4.09252583570389,4.4418191415157
"Ba","Nakavika","Ba","Nakavika_Ba",5.9,2.46600261827471,4.49141218818216,4.18300130913735,5.19570609409108
"Ba","Nakavika","Vuda","Nakavika_Vuda",6.3,2.86408936926624,4.3382396370018,4.58204468463312,5.3191198185009
"Bua","Nakawaka River","Wainunu","Nakawaka River_Wainunu",5.7,1.70160967500048,2.29652829124009,3.70080483750024,3.99826414562005
"Cakaudrove","Nakelikoso River","Nasavusavu","Nakelikoso River_Nasavusavu",5.8,2.5629570730196,2.4549540675205,4.1814785365098,4.12747703376025
"Cakaudrove","Nakelikoso River","Wailevu","Nakelikoso River_Wailevu",5.6,1.91278435092533,3.63473990492713,3.75639217546267,4.61736995246357
"Cakaudrove","Nakura River","Saqani","Nakura River_Saqani",6.1,1.61549374443732,1.29784495208759,3.85774687221866,3.6989224760438
"Macuata","Nakura River","Dogotuki","Nakura River_Dogotuki",5.1,1.22401737289386,1.22283467598226,3.16200868644693,3.16141733799113
"Bua","Nalomate River","Bua","Nalomate River_Bua",6.2,1.72909798682082,2.48181574865734,3.96454899341041,4.34090787432867
"Bua","Nalomate River","Vuya","Nalomate River_Vuya",5.8,1.25420449516109,1.73757682757886,3.52710224758055,3.76878841378943
"Bua","Nalomate River","Wainunu","Nalomate River_Wainunu",5.7,2.31702711631454,2.26235332250169,4.00851355815727,3.98117666125084
"Nadroga_Navosa","Namada","Baravi","Namada_Baravi",6,0.7970850476542,1.12596272741121,3.3985425238271,3.56298136370561
"Ra","Namarai","Nakorotubu","Namarai_Nakorotubu",6.2,1.01284058491602,1.66513516034961,3.60642029245801,3.93256758017481
"Serua","Namatakula","Nuku","Namatakula_Nuku",5.8,0.0142640443329567,0.116510578874828,2.90713202216648,2.95825528943741
"Serua","Namatakula","Serua","Namatakula_Serua",6.4,0.188386874469412,0.410165247938261,3.29419343723471,3.40508262396913
"Nadroga_Navosa","Namatakula","Baravi","Namatakula_Baravi",6,0.779696125238813,0.962456423369657,3.38984806261941,3.48122821168483
"Cakaudrove","Nanuca","Cakaudrove","Nanuca_Cakaudrove",6,2.41504800359098,2.78822487694444,4.20752400179549,4.39411243847222
"Cakaudrove","Nanuca","Nasavusavu","Nanuca_Nasavusavu",5.8,1.44471000787526,2.8980813912384,3.62235500393763,4.3490406956192
"Cakaudrove","Naqaiqai","Cakaudrove","Naqaiqai_Cakaudrove",6,1.57996726200126,2.1466313993416,3.78998363100063,4.0733156996708
"Cakaudrove","Naqaravutu","Tunuloa","Naqaravutu_Tunuloa",6,1.40086148292245,2.12446319476354,3.70043074146122,4.06223159738177
"Ra","Naqele","Nakorotubu","Naqele_Nakorotubu",6.2,0.58759698422973,1.38660243038194,3.39379849211487,3.79330121519097
"Cakaudrove","Narara","Saqani","Narara_Saqani",6.1,1.58285141891654,2.60742629102076,3.84142570945827,4.35371314551038
"Macuata","Narara","Dogotuki","Narara_Dogotuki",5.1,2.46746180639561,2.51806507727591,3.78373090319781,3.80903253863795
"Cakaudrove","Nasagale","Tunuloa","Nasagale_Tunuloa",6,1.28849381255392,1.57839054959713,3.64424690627696,3.78919527479857
"Bua","Nasavu","Wainunu","Nasavu_Wainunu",5.7,2.48119077656614,2.77337043804992,4.09059538828307,4.23668521902496
"Cakaudrove","Nasavu","Wailevu","Nasavu_Wailevu",5.6,2.92836280399924,2.78109733730758,4.26418140199962,4.19054866865379
"Cakaudrove","Nasavu River","Saqani","Nasavu River_Saqani",6.1,2.61385662677161,1.49312124346696,4.3569283133858,3.79656062173348
"Macuata","Nasavu River","Dogotuki","Nasavu River_Dogotuki",5.1,3.19289599138005,2.24672365182491,4.14644799569003,3.67336182591245
"Macuata","Nasavu River","Labasa","Nasavu River_Labasa",5.8,3.20177643507828,4.11806864962615,4.50088821753914,4.95903432481307
"Cakaudrove","Nasekawa River","Nasavusavu","Nasekawa River_Nasavusavu",5.8,1.07403793844496,1.52958917177775,3.43701896922248,3.66479458588887
"Cakaudrove","Nasekawa River","Vaturova","Nasekawa River_Vaturova",5.4,2.97038675490217,1.73321743567298,4.18519337745109,3.56660871783649
"Cakaudrove","Nasekawa River","Wailevu","Nasekawa River_Wailevu",5.6,5.04255038569305,3.12112803893235,5.32127519284652,4.36056401946618
"Macuata","Nasekawa River","Labasa","Nasekawa River_Labasa",5.8,3.15011830365239,3.42072439299602,4.47505915182619,4.61036219649801
"Macuata","Nasekawa River","Sasa","Nasekawa River_Sasa",5.3,1.55228363268534,3.3235884978957,3.42614181634267,4.31179424894785
"Ra","Nasililivatu Creek","Saivou","Nasililivatu Creek_Saivou",5.2,0.745991323024647,1.70256964688258,2.97299566151232,3.45128482344129
"Ra","Nasinu","Nakorotubu","Nasinu_Nakorotubu",6.2,0.834624452439721,1.90607610367962,3.51731222621986,4.05303805183981
"Rewa","Nasinu","Rewa","Nasinu_Rewa",5.9,0.172742428497846,3.7809780771601,3.03637121424892,4.84048903858005
"Tailevu","Nasinu","Sawakasa","Nasinu_Sawakasa",5.6,1.15451868295841,2.8312128374589,3.37725934147921,4.21560641872945
"Cakaudrove","Nasinu","Saqani","Nasinu_Saqani",6.1,1.53025900635003,1.2848646183261,3.81512950317501,3.69243230916305
"Macuata","Nasinu","Dogotuki","Nasinu_Dogotuki",5.1,1.4047884954414,1.87059667785871,3.2523942477207,3.48529833892935
"Naitasiri","Nasinu","Naitasiri","Nasinu_Naitasiri",6.3,5.10104953286928,5.6348261014242,5.70052476643464,5.9674130507121
"Ba","Nasivi River","Ba","Nasivi River_Ba",5.9,2.14551274551625,4.59159114452795,4.02275637275812,5.24579557226397
"Ba","Nasivi River","Tavua","Nasivi River_Tavua",5.8,5.76522912187624,3.81267997192901,5.78261456093812,4.8063399859645
"Ra","Nasivi River","Rakiraki","Nasivi River_Rakiraki",5.7,0.637975098576643,2.56958070359936,3.16898754928832,4.13479035179968
"Cakaudrove","Nasoni River","Saqani","Nasoni River_Saqani",6.1,1.61395682021841,1.55946553775717,3.8569784101092,3.82973276887858
"Cakaudrove","Nasoni River","Vaturova","Nasoni River_Vaturova",5.4,1.99012390066369,2.37300129555401,3.69506195033184,3.88650064777701
"Cakaudrove","Natewa","Nasavusavu","Natewa_Nasavusavu",5.8,1.86729372702412,2.4898285778346,3.83364686351206,4.1449142889173
"Cakaudrove","Natovatu","Wailevu","Natovatu_Wailevu",5.6,2.71321015575491,2.46766503421513,4.15660507787745,4.03383251710756
"Tailevu","Natovi","Sawakasa","Natovi_Sawakasa",5.6,1.09676766681706,2.00690374536973,3.34838383340853,3.80345187268486
"Cakaudrove","Natua","Wailevu","Natua_Wailevu",5.6,2.38847797000586,2.93394852979968,3.99423898500293,4.26697426489984
"Ba","Natunuku","Ba","Natunuku_Ba",5.9,2.9337179384091,4.42584473128675,4.41685896920455,5.16292236564338
"Ba","Natunuku","Tavua","Natunuku_Tavua",5.8,1.3380986924436,3.47682827428423,3.5690493462218,4.63841413714211
"Cakaudrove","Natuvu","Saqani","Natuvu_Saqani",6.1,1.66702045014869,1.53861257726357,3.88351022507435,3.81930628863178
"Cakaudrove","Natuvu","Wailevu","Natuvu_Wailevu",5.6,2.84468145195092,2.47963378493632,4.22234072597546,4.03981689246816
"Macuata","Natuvu","Sasa","Natuvu_Sasa",5.3,1.55174452304618,2.25563732584493,3.42587226152309,3.77781866292246
"Cakaudrove","Navetau","Saqani","Navetau_Saqani",6.1,2.01742113774149,2.75307858838928,4.05871056887075,4.42653929419464
"Nadroga_Navosa","Navola","Baravi","Navola_Baravi",6,1.08817783554167,1.51306945596149,3.54408891777083,3.75653472798075
"Namosi","Navua","Namosi","Navua_Namosi",2.9,0.946677858432458,1.25028184797457,1.92333892921623,2.07514092398729
"Namosi","Navua","Veivatuloa","Navua_Veivatuloa",5.4,1.84130771579432,1.37497053622474,3.62065385789716,3.38748526811237
"Namosi","Navua","Wainikoroiluva","Navua_Wainikoroiluva",3.9,4.96080202354398,1.83180755198568,4.43040101177199,2.86590377599284
"Serua","Navua","Nuku","Navua_Nuku",5.8,3.50668059492153,1.75874705673533,4.65334029746076,3.77937352836767
"Serua","Navua","Serua","Navua_Serua",6.4,5.96959034135062,1.69358611248632,6.18479517067531,4.04679305624316
"Nadroga_Navosa","Navua","Baravi","Navua_Baravi",6,1.77873596846291,1.21336171230645,3.88936798423146,3.60668085615322
"Nadroga_Navosa","Navua","Navosa","Navua_Navosa",5.6,0.759637048684468,0.515334974736226,3.17981852434223,3.05766748736811
"Nadroga_Navosa","Navua","Ruwailevu","Navua_Ruwailevu",5.4,0.546023792670312,1.93674636756296,2.97301189633516,3.66837318378148
"Naitasiri","Navua","Waimaro","Navua_Waimaro",5.6,1.02023530971912,2.51675691892597,3.31011765485956,4.05837845946298
"Naitasiri","Navua","Wainimala","Navua_Wainimala",4.6,1.04909542717396,1.34777370516847,2.82454771358698,2.97388685258423
"Ra","Navuniivi","Nakorotubu","Navuniivi_Nakorotubu",6.2,1.04959650130052,1.14370542631406,3.62479825065026,3.67185271315703
"Tailevu","Navunimono","Sawakasa","Navunimono_Sawakasa",5.6,0.333403009027636,1.96397473974667,2.96670150451382,3.78198736987334
"Tailevu","Navunimono","Verata","Navunimono_Verata",6.2,3.94699214331592,2.44045112092111,5.07349607165796,4.32022556046055
"Tailevu","Navunimono","Wainibuka","Navunimono_Wainibuka",5.4,0.935081439596109,3.04222290354979,3.16754071979805,4.22111145177489
"Serua","Navutulevu","Nuku","Navutulevu_Nuku",5.8,0.0142612450510775,1.02382257839617,2.90713062252554,3.41191128919808
"Serua","Navutulevu","Serua","Navutulevu_Serua",6.4,0.535468032180289,1.19420903317252,3.46773401609014,3.79710451658626
"Nadroga_Navosa","Navutulevu","Baravi","Navutulevu_Baravi",6,0.634336529553046,1.9173791713946,3.31716826477652,3.9586895856973
"Ba","Nawai Creek","Nadi","Nawai Creek_Nadi",5.7,3.39537942657793,4.91561284789665,4.54768971328897,5.30780642394832
"Ba","Nawai Creek","Nawaka","Nawai Creek_Nawaka",5.5,0.917705881695011,2.99562710073433,3.20885294084751,4.24781355036717
"Nadroga_Navosa","Nawai Creek","Malomalo","Nawai Creek_Malomalo",6,3.81317004138962,3.69540373170853,4.90658502069481,4.84770186585427
"Bua","Nawaido","Wainunu","Nawaido_Wainunu",5.7,1.55202011656329,2.74397911074242,3.62601005828164,4.22198955537121
"Nadroga_Navosa","Nawaqadamu Creek","Baravi","Nawaqadamu Creek_Baravi",6,0.675687680979916,0.611515531046991,3.33784384048996,3.3057577655235
"Serua","Nubulotulotu Creek","Serua","Nubulotulotu Creek_Serua",6.4,0.502625165786313,1.1816045431752,3.45131258289316,3.7908022715876
"Cakaudrove","Nukubalavu","Nasavusavu","Nukubalavu_Nasavusavu",5.8,3.52755014700762,4.0586141314639,4.66377507350381,4.92930706573195
"Lomaiviti","Ovalau East","Ovalau","Ovalau East_Ovalau",5.8,2.43287614993501,3.06757975499592,4.11643807496751,4.43378987749796
"Lomaiviti","Ovalau West","Ovalau","Ovalau West_Ovalau",5.8,0.365531122666935,1.27710219901267,3.08276556133347,3.53855109950633
"Ra","Penang River","Rakiraki","Penang River_Rakiraki",5.7,3.6214603490465,3.69823618243727,4.66073017452325,4.69911809121864
"Ra","Penang River","Saivou","Penang River_Saivou",5.2,2.65478803699295,2.85357097214857,3.92739401849648,4.02678548607428
"Cakaudrove","Qaloqalo River","Nasavusavu","Qaloqalo River_Nasavusavu",5.8,1.21013832383126,1.54170200005077,3.50506916191563,3.67085100002538
"Macuata","Qaloyago River","Labasa","Qaloyago River_Labasa",5.8,5.0558832314395,4.56740648246655,5.42794161571975,5.18370324123328
"Macuata","Qaloyago River","Sasa","Qaloyago River_Sasa",5.3,1.55133799081941,4.93690065357974,3.4256689954097,5.11845032678987
"Cakaudrove","Qaranibali","Tunuloa","Qaranibali_Tunuloa",6,1.16131108490627,1.72043715175589,3.58065554245313,3.86021857587794
"Serua","Qaraniqio","Nuku","Qaraniqio_Nuku",5.8,0.172223212539837,0.471462809344935,2.98611160626992,3.13573140467247
"Serua","Qaraniqio","Serua","Qaraniqio_Serua",6.4,1.65036212970596,2.40057210470893,4.02518106485298,4.40028605235446
"Cakaudrove","Qaranisisi","Saqani","Qaranisisi_Saqani",6.1,1.52820346783312,2.58383471176292,3.81410173391656,4.34191735588146
"Macuata","Qaranisisi","Dogotuki","Qaranisisi_Dogotuki",5.1,1.79446063349407,3.04227401917396,3.44723031674703,4.07113700958698
"Macuata","Qaranisisi","Labasa","Qaranisisi_Labasa",5.8,4.38873329752462,4.34062353810113,5.09436664876231,5.07031176905056
"Cakaudrove","Qawa River","Vaturova","Qawa River_Vaturova",5.4,1.88771860362249,1.46298999541299,3.64385930181125,3.43149499770649
"Macuata","Qawa River","Labasa","Qawa River_Labasa",5.8,7.04808476904224,5.00889851468879,6.42404238452112,5.40444925734439
"Macuata","Qelewara","Dogotuki","Qelewara_Dogotuki",5.1,2.02036551932408,2.69853221211032,3.56018275966204,3.89926610605516
"Macuata","Qelewara","Labasa","Qelewara_Labasa",5.8,3.15546020680239,4.04218419740457,4.4777301034012,4.92109209870228
"Tailevu","Qerekuro","Sawakasa","Qerekuro_Sawakasa",5.6,0.975170054322778,2.68317373546166,3.28758502716139,4.14158686773083
"Namosi","Qilai","Veivatuloa","Qilai_Veivatuloa",5.4,1.00997431437155,2.07193381076873,3.20498715718577,3.73596690538437
"Ba","Rabulu","Tavua","Rabulu_Tavua",5.8,2.57426180120649,2.98171314630183,4.18713090060325,4.39085657315092
"Bua","Raviravi","Vuya","Raviravi_Vuya",5.8,3.89299322825825,2.80117541949011,4.84649661412912,4.30058770974506
"Macuata","Raviravi","Macuata","Raviravi_Macuata",6.1,4.2192248171133,4.27170953124725,5.15961240855665,5.18585476562362
"Macuata","Ravuka","Dogotuki","Ravuka_Dogotuki",5.1,1.60494765581472,2.18459178201112,3.35247382790736,3.64229589100556
"Namosi","Rewa","Namosi","Rewa_Namosi",2.9,3.97534902737265,2.59846694614339,3.43767451368632,2.7492334730717
"Namosi","Rewa","Veivatuloa","Rewa_Veivatuloa",5.4,0.176548020251329,1.05848232101029,2.78827401012566,3.22924116050514
"Namosi","Rewa","Wainikoroiluva","Rewa_Wainikoroiluva",3.9,0.0178130829646937,1.70500195004974,1.95890654148235,2.80250097502487
"Ba","Rewa","Tavua","Rewa_Tavua",5.8,1.63288944147383,1.29715460656248,3.71644472073692,3.54857730328124
"Ra","Rewa","Nakorotubu","Rewa_Nakorotubu",6.2,3.20514984526082,1.02360274278788,4.70257492263041,3.61180137139394
"Ra","Rewa","Nalawa","Rewa_Nalawa",5.3,3.75099896108599,1.40365486232347,4.52549948054299,3.35182743116173
"Ra","Rewa","Rakiraki","Rewa_Rakiraki",5.7,2.30719998238175,2.20041115061825,4.00359999119087,3.95020557530912
"Ra","Rewa","Saivou","Rewa_Saivou",5.2,3.22930566270651,1.40938305967504,4.21465283135326,3.30469152983752
"Rewa","Rewa","Noco","Rewa_Noco",5.9,0.753313340406615,3.02639981450773,3.32665667020331,4.46319990725387
"Rewa","Rewa","Rewa","Rewa_Rewa",5.9,1.75064678949894,3.15015639237156,3.82532339474947,4.52507819618578
"Rewa","Rewa","Suva","Rewa_Suva",6.1,0.411741816524429,1.69456485031343,3.25587090826221,3.89728242515672
"Tailevu","Rewa","Bau","Rewa_Bau",6.1,3.74853320390932,4.33068924026029,4.92426660195466,5.21534462013014
"Tailevu","Rewa","Nakelo","Rewa_Nakelo",6.2,1.92186055183942,3.38547489013948,4.06093027591971,4.79273744506974
"Tailevu","Rewa","Sawakasa","Rewa_Sawakasa",5.6,0.360712291462863,0.996343767018036,2.98035614573143,3.29817188350902
"Tailevu","Rewa","Verata","Rewa_Verata",6.2,1.8272602280874,1.88750020592897,4.0136301140437,4.04375010296449
"Tailevu","Rewa","Wainibuka","Rewa_Wainibuka",5.4,4.38682042236136,2.28605445298975,4.89341021118068,3.84302722649488
"Nadroga_Navosa","Rewa","Navosa","Rewa_Navosa",5.6,1.55896441989116,1.05208244035881,3.57948220994558,3.32604122017941
"Naitasiri","Rewa","Lomaivuna","Rewa_Lomaivuna",5.3,4.69295686876999,2.20863398870395,4.99647843438499,3.75431699435198
"Naitasiri","Rewa","Matailobau","Rewa_Matailobau",5.6,4.81622136517445,1.68625966689568,5.20811068258722,3.64312983344784
"Naitasiri","Rewa","Naitasiri","Rewa_Naitasiri",6.3,7.00183586941636,4.6958189538239,6.65091793470818,5.49790947691195
"Naitasiri","Rewa","Waimaro","Rewa_Waimaro",5.6,5.56308375940737,1.92918589836237,5.58154187970368,3.76459294918119
"Naitasiri","Rewa","Wainimala","Rewa_Wainimala",4.6,6.63539596485659,1.82482169524122,5.61769798242829,3.21241084762061
"Ra","Rukuruku Creek","Nakorotubu","Rukuruku Creek_Nakorotubu",6.2,1.21869796289038,1.30291501395803,3.70934898144519,3.75145750697901
"Ra","Rukuruku Creek","Nalawa","Rukuruku Creek_Nalawa",5.3,0.690461726671596,2.52727348440236,2.9952308633358,3.91363674220118
"Ra","Rukuruku Creek","Saivou","Rukuruku Creek_Saivou",5.2,0.536333190951652,1.74533325254334,2.86816659547583,3.47266662627167
"Nadroga_Navosa","Rukurukulevu","Cuvu","Rukurukulevu_Cuvu",5.6,1.710336979617,2.7332765748523,3.6551684898085,4.16663828742615
"Nadroga_Navosa","Rukurukulevu","Nasigatoka","Rukurukulevu_Nasigatoka",5.8,0.691884416823811,2.42349906493519,3.24594220841191,4.1117495324676
"Ba","Sabeto","Magodro","Sabeto_Magodro",4.7,1.44882964228115,2.21790720591454,3.07441482114058,3.45895360295727
"Ba","Sabeto","Nadi","Sabeto_Nadi",5.7,1.44755837887081,5.44279931681349,3.5737791894354,5.57139965840674
"Ba","Sabeto","Nawaka","Sabeto_Nawaka",5.5,1.58995549038167,3.27513160789991,3.54497774519083,4.38756580394996
"Ba","Sabeto","Vuda","Sabeto_Vuda",6.3,5.49614372145619,4.62011499752331,5.89807186072809,5.46005749876166
"Cakaudrove","Salia","Tunuloa","Salia_Tunuloa",6,1.20972957719257,1.51424249715533,3.60486478859628,3.75712124857767
"Rewa","Samabula","Suva","Samabula_Suva",6.1,2.14613292815748,4.7875485203462,4.12306646407874,5.4437742601731
"Naitasiri","Samabula","Naitasiri","Samabula_Naitasiri",6.3,4.03184345119602,5.69354741721545,5.16592172559801,5.99677370860772
"Nadroga_Navosa","Sanasana","Cuvu","Sanasana_Cuvu",5.6,0.658933078682016,1.67938168679153,3.12946653934101,3.63969084339577
"Nadroga_Navosa","Sanasana","Malomalo","Sanasana_Malomalo",6,1.41653129331796,2.31161730759788,3.70826564665898,4.15580865379894
"Cakaudrove","Saqali","Saqani","Saqali_Saqani",6.1,2.76103890612386,2.85854034360654,4.43051945306193,4.47927017180327
"Bua","Sarowaqa River","Bua","Sarowaqa River_Bua",6.2,5.51878963038076,3.82475514593446,5.85939481519038,5.01237757296723
"Bua","Sarowaqa River","Wainunu","Sarowaqa River_Wainunu",5.7,1.20696218723924,3.19929633904665,3.45348109361962,4.44964816952333
"Macuata","Sarowaqa River","Macuata","Sarowaqa River_Macuata",6.1,2.56429830659994,3.99039168200923,4.33214915329997,5.04519584100461
"Macuata","Sasa","Labasa","Sasa_Labasa",5.8,3.14881780350511,4.50664222412751,4.47440890175255,5.15332111206376
"Macuata","Sasa","Macuata","Sasa_Macuata",6.1,2.54254852013413,4.86519335192259,4.32127426006707,5.48259667596129
"Macuata","Sasa","Sasa","Sasa_Sasa",5.3,2.30417417709096,4.07046468220178,3.80208708854548,4.68523234110089
"Tailevu","Sawakasa","Sawakasa","Sawakasa_Sawakasa",5.6,1.52878527396329,1.84462114080084,3.56439263698164,3.72231057040042
"Serua","Sigasigalaca","Nuku","Sigasigalaca_Nuku",5.8,0.423100005594688,0.95531180885619,3.11155000279734,3.37765590442809
"Namosi","Sigatoka","Wainikoroiluva","Sigatoka_Wainikoroiluva",3.9,0.00778475257075998,0.285153510796074,1.95389237628538,2.09257675539804
"Ba","Sigatoka","Magodro","Sigatoka_Magodro",4.7,3.24340835088961,1.38930328895696,3.97170417544481,3.04465164447848
"Ba","Sigatoka","Nawaka","Sigatoka_Nawaka",5.5,3.10547557841138,1.93005448479625,4.30273778920569,3.71502724239813
"Ba","Sigatoka","Tavua","Sigatoka_Tavua",5.8,3.13719241976792,1.71195604247433,4.46859620988396,3.75597802123716
"Ra","Sigatoka","Rakiraki","Sigatoka_Rakiraki",5.7,0.625848313259181,1.12933724481672,3.16292415662959,3.41466862240836
"Ra","Sigatoka","Saivou","Sigatoka_Saivou",5.2,0.531455870986045,0.671932214495599,2.86572793549302,2.9359661072478
"Serua","Sigatoka","Serua","Sigatoka_Serua",6.4,0.191256836151368,0.848764170616557,3.29562841807568,3.62438208530828
"Nadroga_Navosa","Sigatoka","Baravi","Sigatoka_Baravi",6,3.52464520830775,2.32172216740797,4.76232260415387,4.16086108370398
"Nadroga_Navosa","Sigatoka","Cuvu","Sigatoka_Cuvu",5.6,0.631559721680841,2.83124313620756,3.11577986084042,4.21562156810378
"Nadroga_Navosa","Sigatoka","Nasigatoka","Sigatoka_Nasigatoka",5.8,5.45594775499895,2.8490525500233,5.62797387749948,4.32452627501165
"Nadroga_Navosa","Sigatoka","Navosa","Sigatoka_Navosa",5.6,6.13971512815943,2.08832405593337,5.86985756407971,3.84416202796669
"Nadroga_Navosa","Sigatoka","Ruwailevu","Sigatoka_Ruwailevu",5.4,6.2108775655923,2.20273839124047,5.80543878279615,3.80136919562023
"Naitasiri","Sigatoka","Wainimala","Sigatoka_Wainimala",4.6,1.06333862329971,1.97384442255013,2.83166931164986,3.28692221127506
"Cakaudrove","Solove River","Nasavusavu","Solove River_Nasavusavu",5.8,1.0739391285969,2.40347294802963,3.43696956429845,4.10173647401482
"Cakaudrove","Solove River","Vaturova","Solove River_Vaturova",5.4,2.74712698193732,2.31226184481509,4.07356349096866,3.85613092240755
"Nadroga_Navosa","Sovi","Baravi","Sovi_Baravi",6,1.69070736665311,1.24597631213378,3.84535368332656,3.62298815606689
"Nadroga_Navosa","Sovi","Ruwailevu","Sovi_Ruwailevu",5.4,1.21879696450491,1.97959231709682,3.30939848225246,3.68979615854841
"Macuata","Tabia River","Labasa","Tabia River_Labasa",5.8,3.40912128781983,4.47393336639162,4.60456064390992,5.13696668319581
"Macuata","Tabia River","Sasa","Tabia River_Sasa",5.3,4.0792052985246,3.6042171346788,4.6896026492623,4.4521085673394
"Cakaudrove","Tacilevu","Nasavusavu","Tacilevu_Nasavusavu",5.8,1.54811236385776,1.78254395266166,3.67405618192888,3.79127197633083
"Nadroga_Navosa","Tamanua","Baravi","Tamanua_Baravi",6,1.67202771834351,1.09973122102962,3.83601385917176,3.54986561051481
"Rewa","Tamavua","Suva","Tamavua_Suva",6.1,1.94891229665134,4.51083716525268,4.02445614832567,5.30541858262634
"Naitasiri","Tamavua","Naitasiri","Tamavua_Naitasiri",6.3,3.34328927687947,3.76537175680974,4.82164463843974,5.03268587840487
"Ba","Tamuqali Creek","Ba","Tamuqali Creek_Ba",5.9,2.69907363232073,4.14406430497487,4.29953681616036,5.02203215248744
"Nadroga_Navosa","Tau","Malomalo","Tau_Malomalo",6,1.965656730043,2.77626432487175,3.9828283650215,4.38813216243588
"Serua","Taunovo","Nuku","Taunovo_Nuku",5.8,0.244734431736695,0.712398367346815,3.02236721586835,3.25619918367341
"Ba","Tavarau","Vuda","Tavarau_Vuda",6.3,3.87472928689302,4.85365721009496,5.08736464344651,5.57682860504748
"Bua","Taveti","Bua","Taveti_Bua",6.2,3.14682039864135,3.67927386570284,4.67341019932068,4.93963693285142
"Cakaudrove","Taveuni East","Cakaudrove","Taveuni East_Cakaudrove",6,2.4729505478288,1.3873065474396,4.2364752739144,3.6936532737198
"Cakaudrove","Taveuni East","Wainikeli","Taveuni East_Wainikeli",6.1,2.25425121939058,2.1373660401097,4.17712560969529,4.11868302005485
"Cakaudrove","Taveuni West","Cakaudrove","Taveuni West_Cakaudrove",6,3.875250975357,1.90640841431118,4.9376254876785,3.95320420715559
"Cakaudrove","Taveuni West","Wainikeli","Taveuni West_Wainikeli",6.1,1.64098803945034,2.44733511041546,3.87049401972517,4.27366755520773
"Cakaudrove","Tawake","Saqani","Tawake_Saqani",6.1,2.11590808015882,2.1171020562705,4.10795404007941,4.10855102813525
"Macuata","Tawake","Dogotuki","Tawake_Dogotuki",5.1,1.22415652642492,1.66324100992634,3.16207826321246,3.38162050496317
"Ba","Teidamu Creek","Ba","Teidamu Creek_Ba",5.9,2.15285075019961,3.28002066796301,4.02642537509981,4.59001033398151
"Ba","Teidamu Creek","Vuda","Teidamu Creek_Vuda",6.3,5.42557732212774,4.24415267405648,5.86278866106387,5.27207633702824
"Cakaudrove","Tivo","Saqani","Tivo_Saqani",6.1,1.61865571874261,1.36128051501154,3.8593278593713,3.73064025750577
"Rewa","Togalevu","Suva","Togalevu_Suva",6.1,0.876348145595346,3.20882373464151,3.48817407279767,4.65441186732075
"Ra","Togovere","Rakiraki","Togovere_Rakiraki",5.7,1.30201746729644,2.69527188301584,3.50100873364822,4.19763594150792
"Ra","Togovere","Saivou","Togovere_Saivou",5.2,0.537430337391266,2.33529458354763,2.86871516869563,3.76764729177381
"Ba","Tuva River","Nawaka","Tuva River_Nawaka",5.5,2.67472258869652,2.74070151848763,4.08736129434826,4.12035075924381
"Nadroga_Navosa","Tuva River","Cuvu","Tuva River_Cuvu",5.6,3.05136879869473,2.8210615811847,4.32568439934737,4.21053079059235
"Nadroga_Navosa","Tuva River","Malomalo","Tuva River_Malomalo",6,3.73639538788204,2.61177127323149,4.86819769394102,4.30588563661575
"Nadroga_Navosa","Tuva River","Nasigatoka","Tuva River_Nasigatoka",5.8,4.09273875211469,2.45616266337222,4.94636937605735,4.12808133168611
"Bua","Vaganai","Bua","Vaganai_Bua",6.2,4.27274924566116,3.84868724829403,5.23637462283058,5.02434362414702
"Nadroga_Navosa","Valase","Baravi","Valase_Baravi",6,1.47160897928198,1.59335662524789,3.73580448964099,3.79667831262395
"Cakaudrove","Valesavu","Tunuloa","Valesavu_Tunuloa",6,1.91738880115917,2.05408140855408,3.95869440057959,4.02704070427704
"Cakaudrove","Vanuakumi","Saqani","Vanuakumi_Saqani",6.1,1.69554950134907,1.4137371046597,3.89777475067454,3.75686855232985
"Macuata","Vanuakumi","Dogotuki","Vanuakumi_Dogotuki",5.1,1.22391816195379,1.59379728454554,3.1619590809769,3.34689864227277
"Bua","Vatubogi","Bua","Vatubogi_Bua",6.2,3.55327937828512,4.02035752858164,4.87663968914256,5.11017876429082
"Cakaudrove","Vatudiriniu","Vaturova","Vatudiriniu_Vaturova",5.4,1.45446737309789,2.02495266972599,3.42723368654894,3.71247633486299
"Nadroga_Navosa","Vatukulelima","Baravi","Vatukulelima_Baravi",6,0.789120937932272,1.05575683992268,3.39456046896614,3.52787841996134
"Nadroga_Navosa","Vatulele Island","Vatulele","Vatulele Island_Vatulele",5.4,0.603419903856694,0.439083321329244,3.00170995192835,2.91954166066462
"Ba","Vatutavui","Ba","Vatutavui_Ba",5.9,2.15675157598309,3.56843542009188,4.02837578799154,4.73421771004594
"Ba","Vatutavui","Tavua","Vatutavui_Tavua",5.8,3.58176644438299,3.09662114420563,4.69088322219149,4.44831057210282
"Rewa","Vatuwaqa","Suva","Vatuwaqa_Suva",6.1,2.73332665883556,4.63003225567923,4.41666332941778,5.36501612783962
"Rewa","Veisari","Suva","Veisari_Suva",6.1,2.0826031560053,3.71764660853294,4.09130157800265,4.90882330426647
"Cakaudrove","Viani","Cakaudrove","Viani_Cakaudrove",6,1.38431426153192,2.486584059409,3.69215713076596,4.2432920297045
"Cakaudrove","Vidawa Creek","Cakaudrove","Vidawa Creek_Cakaudrove",6,1.40631569725912,2.45754866141015,3.70315784862956,4.22877433070508
"Ba","Vitogo Creek","Magodro","Vitogo Creek_Magodro",4.7,0.783652347366725,2.0584109346196,2.74182617368336,3.3792054673098
"Ba","Vitogo Creek","Vuda","Vitogo Creek_Vuda",6.3,5.4321800651312,4.5936944767507,5.8660900325656,5.44684723837535
"Bua","Votua River","Bua","Votua River_Bua",6.2,6.06555316512546,4.22358446264367,6.13277658256273,5.21179223132184
"Bua","Votua River","Vuya","Votua River_Vuya",5.8,1.25953896483765,3.40330492207737,3.52976948241883,4.60165246103869
"Bua","Votua River","Wainunu","Votua River_Wainunu",5.7,1.18852662254149,2.52384030896999,3.44426331127075,4.111920154485
"Nadroga_Navosa","Voua Creek","Cuvu","Voua Creek_Cuvu",5.6,2.41551766046273,2.25977824331809,4.00775883023137,3.92988912165904
"Nadroga_Navosa","Voua Creek","Malomalo","Voua Creek_Malomalo",6,0.73623413929286,2.27048490437646,3.36811706964643,4.13524245218823
"Nadroga_Navosa","Voua Creek","Nasigatoka","Voua Creek_Nasigatoka",5.8,1.05445699262669,1.35688111749908,3.42722849631335,3.57844055874954
"Ba","Vuda","Vuda","Vuda_Vuda",6.3,5.68622051992894,4.45520234897155,5.99311025996447,5.37760117448577
"Ra","Vunidogoloa","Rakiraki","Vunidogoloa_Rakiraki",5.7,2.41324085147636,3.19322758031811,4.05662042573818,4.44661379015906
"Cakaudrove","Vunisavisavi","Cakaudrove","Vunisavisavi_Cakaudrove",6,3.0172882051844,2.54527853218551,4.5086441025922,4.27263926609275
"Bua","Vunivau","Bua","Vunivau_Bua",6.2,2.77872463144314,3.97742746269407,4.48936231572157,5.08871373134703
"Bua","Vunivau","Vuya","Vunivau_Vuya",5.8,1.56551331303077,3.20660867457749,3.68275665651539,4.50330433728875
"Cakaudrove","Vunivia River","Saqani","Vunivia River_Saqani",6.1,1.59174539903366,2.33674273630573,3.84587269951683,4.21837136815287
"Macuata","Vunivia River","Dogotuki","Vunivia River_Dogotuki",5.1,2.38217103207662,2.12220150942461,3.74108551603831,3.6111007547123
"Macuata","Vunivutu","Labasa","Vunivutu_Labasa",5.8,4.33561434405471,3.95953037848962,5.06780717202735,4.87976518924481
"Nadroga_Navosa","Vusu","Baravi","Vusu_Baravi",6,0.844638000060988,1.19303763649004,3.42231900003049,3.59651881824502
"Tailevu","Waibula River","Sawakasa","Waibula River_Sawakasa",5.6,2.58717082767329,2.23633586099514,4.09358541383664,3.91816793049757
"Tailevu","Waibula River","Verata","Waibula River_Verata",6.2,3.07944801634668,2.89008666133309,4.63972400817334,4.54504333066655
"Tailevu","Waibula River","Wainibuka","Waibula River_Wainibuka",5.4,0.9583466118218,3.61278980315795,3.1791733059109,4.50639490157897
"Cakaudrove","Waibula River","Cakaudrove","Waibula River_Cakaudrove",6,1.14078884463532,1.12723538437305,3.57039442231766,3.56361769218653
"Cakaudrove","Waibula River","Wainikeli","Waibula River_Wainikeli",6.1,1.65598170095989,1.8984291752191,3.87799085047994,3.99921458760955
"Cakaudrove","Waikotoavou Creek","Wailevu","Waikotoavou Creek_Wailevu",5.6,2.45552127228747,2.9101448245091,4.02776063614373,4.25507241225455
"Macuata","Waikotoavou Creek","Sasa","Waikotoavou Creek_Sasa",5.3,1.55149523609968,2.57260295341604,3.42574761804984,3.93630147670802
"Cakaudrove","Wailevu","Vaturova","Wailevu_Vaturova",5.4,1.08414437740676,1.4132645372799,3.24207218870338,3.40663226863995
"Cakaudrove","Wailevu","Wailevu","Wailevu_Wailevu",5.6,1.90701227223181,2.85447541311355,3.75350613611591,4.22723770655678
"Macuata","Wailevu","Labasa","Wailevu_Labasa",5.8,6.74450226233975,4.54305583297444,6.27225113116987,5.17152791648722
"Ba","Wainacibayawa Creek","Ba","Wainacibayawa Creek_Ba",5.9,2.14517347103956,3.81349476007408,4.02258673551978,4.85674738003704
"Ba","Wainacibayawa Creek","Tavua","Wainacibayawa Creek_Tavua",5.8,2.79225637436686,3.47753914946775,4.29612818718343,4.63876957473387
"Namosi","Wainadoi","Veivatuloa","Wainadoi_Veivatuloa",5.4,0.803472460552214,1.65473088365231,3.10173623027611,3.52736544182616
"Rewa","Wainadoi","Suva","Wainadoi_Suva",6.1,0.250256060141268,3.33502035419461,3.17512803007063,4.71751017709731
"Cakaudrove","Wainikoro River","Saqani","Wainikoro River_Saqani",6.1,2.88690065805178,2.19997395472889,4.49345032902589,4.14998697736445
"Cakaudrove","Wainikoro River","Vaturova","Wainikoro River_Vaturova",5.4,1.9223262701996,2.22764437241779,3.6611631350998,3.8138221862089
"Macuata","Wainikoro River","Labasa","Wainikoro River_Labasa",5.8,6.28671979845676,4.47136025450295,6.04335989922838,5.13568012725147
"Cakaudrove","Wainivatu","Cakaudrove","Wainivatu_Cakaudrove",6,1.14018480293668,1.22761319710107,3.57009240146834,3.61380659855054
"Cakaudrove","Wainivatu","Nasavusavu","Wainivatu_Nasavusavu",5.8,1.22976720622345,2.77380838401151,3.51488360311173,4.28690419200576
"Cakaudrove","Wainivatu","Tunuloa","Wainivatu_Tunuloa",6,1.38339782137871,1.66361258623263,3.69169891068935,3.83180629311631
"Serua","Wainiyabia","Nuku","Wainiyabia_Nuku",5.8,0.152605660686034,0.621659745203272,2.97630283034302,3.21082987260164
"Bua","Wainunu River","Bua","Wainunu River_Bua",6.2,1.88090359822138,2.67254235551399,4.04045179911069,4.43627117775699
"Bua","Wainunu River","Vuya","Wainunu River_Vuya",5.8,1.32909631061371,2.55274795569491,3.56454815530685,4.17637397784745
"Bua","Wainunu River","Wainunu","Wainunu River_Wainunu",5.7,4.14356568203241,2.64110083566703,4.9217828410162,4.17055041783352
"Cakaudrove","Wainunu River","Wailevu","Wainunu River_Wailevu",5.6,1.90837271584161,2.60580970741862,3.75418635792081,4.10290485370931
"Macuata","Wainunu River","Macuata","Wainunu River_Macuata",6.1,2.99698692225591,2.99409898417214,4.54849346112795,4.54704949208607
"Bua","Wairiki","Vuya","Wairiki_Vuya",5.8,3.14211008496967,2.08342800336756,4.47105504248483,3.94171400168378
"Bua","Wairiki","Wainunu","Wairiki_Wainunu",5.7,1.21312573910666,2.31299501796796,3.45656286955333,4.00649750898398
"Ba","Waisai Creek","Tavua","Waisai Creek_Tavua",5.8,2.20734290300948,2.69806067472971,4.00367145150474,4.24903033736485
"Rewa","Waivudawa","Suva","Waivudawa_Suva",6.1,1.74879071893478,4.80113333848325,3.92439535946739,5.45056666924163
"Serua","Waivunu","Nuku","Waivunu_Nuku",5.8,0.673342736357225,1.63734062684182,3.23667136817861,3.71867031342091
"Serua","Waivunu","Serua","Waivunu_Serua",6.4,0.243130868296427,1.65150637253605,3.32156543414821,4.02575318626802
"Bua","Yadua taba","Vuya","Yadua taba_Vuya",5.8,1.61992941520592,2.35905558046991,3.70996470760296,4.07952779023496
"Ba","Yako","Nadi","Yako_Nadi",5.7,1.45063379754681,4.37828430182859,3.57531689877341,5.03914215091429
"Nadroga_Navosa","Yako","Malomalo","Yako_Malomalo",6,2.60454228041772,3.59545324262731,4.30227114020886,4.79772662131366
"Bua","Yanawai River","Vuya","Yanawai River_Vuya",5.8,1.29437051661221,1.88409121705931,3.5471852583061,3.84204560852966
"Bua","Yanawai River","Wainunu","Yanawai River_Wainunu",5.7,1.20432796367651,3.17329776397737,3.45216398183826,4.43664888198868
"Cakaudrove","Yanawai River","Wailevu","Yanawai River_Wailevu",5.6,2.77437070014697,2.12811294228299,4.18718535007348,3.8640564711415
"Macuata","Yanawai River","Macuata","Yanawai River_Macuata",6.1,2.99718750196416,3.18443234275207,4.54859375098208,4.64221617137603
"Macuata","Yanucari Creek","Labasa","Yanucari Creek_Labasa",5.8,3.32340051142325,3.58499917817163,4.56170025571163,4.69249958908582
"Macuata","Yanucari Creek","Macuata","Yanucari Creek_Macuata",6.1,2.63626754216236,4.05780631909054,4.36813377108118,5.07890315954527
"Bua","Yaqaga","Bua","Yaqaga_Bua",6.2,2.00606474699773,3.01130142991781,4.10303237349887,4.60565071495891
"Ba","Yaqara River","Tavua","Yaqara River_Tavua",5.8,2.47352296759002,2.7244577896175,4.13676148379501,4.26222889480875
"Ra","Yaqara River","Rakiraki","Yaqara River_Rakiraki",5.7,2.59544995713857,2.72583302370801,4.14772497856929,4.212916511854
"Ra","Yaqara River","Saivou","Yaqara River_Saivou",5.2,0.531777549330397,1.5042327718308,2.8658887746652,3.3521163859154
"Serua","Yarawa","Nuku","Yarawa_Nuku",5.8,0.439034269530277,0.682268387202896,3.11951713476514,3.24113419360145
"Serua","Yarawa","Serua","Yarawa_Serua",6.4,0.187163622995548,0.897976282977128,3.29358181149777,3.64898814148856
"Lomaiviti","Waiboteigau Creek","Gau","Waiboteigau Creek_Gau",5.2,0.110099969349998,0.856345007602888,2.655049984675,3.02817250380144
"Lomaiviti","Wakaya","LomaiOther","Wakaya_LomaiOther",3.7,0.174001028040208,1.29941490966771,1.9370005140201,2.49970745483385
"Lomaiviti","Koro East","Koro","Koro East_Koro",6.1,0.65468587239688,1.35023790549668,3.37734293619844,3.72511895274834
"Lomaiviti","Batiki Island","Batiki","Batiki Island_Batiki",5.4,0.172268955346807,1.35070200519078,2.7861344776734,3.37535100259539
"Cakaudrove","Kaibu Island","Cakaudrove","Kaibu Island_Cakaudrove",6,1.15334200719617,1.17079597525293,3.57667100359808,3.58539798762647
"Lau","Vanuavatu Island","Totoya","Vanuavatu Island_Totoya",4.5,0.177192825477335,1.11953983838648,2.33859641273867,2.80976991919324
"Lau","Lakeba East","Lakeba","Lakeba East_Lakeba",4.5,0.303154635008913,1.41703984114973,2.40157731750446,2.95851992057486
"Lau","Lakeba North","Lakeba","Lakeba North_Lakeba",4.5,0.332223078701716,1.54895035758399,2.41611153935086,3.02447517879199
"Lau","Lakeba West","Lakeba","Lakeba West_Lakeba",4.5,0.348352454407522,1.45008890260328,2.42417622720376,2.97504445130164
"Lau","Oneata Island","Oneata","Oneata Island_Oneata",3.4,0.176542564313599,1.10219213982262,1.7882712821568,2.25109606991131
"Lau","Moce East","Moce","Moce East_Moce",5.4,0.214843059185576,1.3370848194385,2.80742152959279,3.36854240971925
"Lau","Moce West","Moce","Moce West_Moce",5.4,0.164486326009246,1,2.78224316300462,3.2
"Lau","Kabara Island","Kabara","Kabara Island_Kabara",4.5,0.197744288730709,1.04005111851205,2.34887214436535,2.77002555925603
"Lau","Vuaqava Island","Kabara","Vuaqava Island_Kabara",4.5,0.164486326009246,1,2.33224316300462,2.75
"Lau","Marabo Island","Kabara","Marabo Island_Kabara",4.5,0.164486326009246,1,2.33224316300462,2.75
"Lau","Totoya North","Totoya","Totoya North_Totoya",4.5,0.211750486068119,1.14296381962831,2.35587524303406,2.82148190981415
"Lau","Totoya South","Totoya","Totoya South_Totoya",4.5,0.228057981357796,1.2457986394772,2.3640289906789,2.8728993197386
"Lau","Matuku East","Matuku","Matuku East_Matuku",5.1,0.318569077769804,1.53489992280887,2.7092845388849,3.31744996140443
"Lau","Matuku West","Matuku","Matuku West_Matuku",5.1,0.239430916700238,1.31322933543904,2.66971545835012,3.20661466771952
"Lau","Moala East","Moala","Moala East_Moala",4.5,0.197284606695443,1.04178288648147,2.34864230334772,2.77089144324073
"Lau","Moala West","Moala","Moala West_Moala",4.5,0.316957372449046,1.11449149984027,2.40847868622452,2.80724574992014
"Lau","Tuvuca Island","Lomaloma","Tuvuca Island_Lomaloma",5.8,0.175885088756663,1.0325694294594,2.98794254437833,3.4162847147297
"Lau","Avea Island","Mualevu","Avea Island_Mualevu",6.1,0.166661450691956,1.03473400406995,3.13333072534598,3.56736700203497
"Cakaudrove","Yacata North","Cakaudrove","Yacata North_Cakaudrove",6,1.14000724861625,0.818323296040035,3.57000362430813,3.40916164802002
"Cakaudrove","Yacata South","Cakaudrove","Yacata South_Cakaudrove",6,1.14612095815117,0.859653079542176,3.57306047907559,3.42982653977109
"Macuata","Macuata-i-Wai","Macuata","Macuata-i-Wai_Macuata",6.1,2.37927258522387,2.96217286714474,4.23963629261193,4.53108643357237
"Nadroga_Navosa","Malolo Lailai","Malolo","Malolo Lailai_Malolo",4.3,0.63835082486877,2.14228296235872,2.46917541243439,3.22114148117936
"Ba","Tavewa","Yasawa","Tavewa_Yasawa",6.5,0.650843759568096,1.13018447795773,3.57542187978405,3.81509223897886
"Ba","Matacawa Levu","Yasawa","Matacawa Levu_Yasawa",6.5,0.702639733069756,0.821394099524257,3.60131986653488,3.66069704976213
"Ba","Nanuya Levu","Yasawa","Nanuya Levu_Yasawa",6.5,0.633587605785254,0.542763609348996,3.56679380289263,3.5213818046745
"Ba","Yaqeta","Yasawa","Yaqeta_Yasawa",6.5,0.692275790097213,0.87350959448756,3.59613789504861,3.68675479724378
"Serua","Yanuca","Serua","Yanuca_Serua",6.4,0.228529987595361,1.23075685072002,3.31426499379768,3.81537842536001
"Rotuma","Rotuma Island","Itumuta","Rotuma Island_Itumuta",3.3,0.0219920028993935,0.897056999224134,1.6609960014497,2.09852849961207
"Rotuma","Rotuma Island","Itutiu","Rotuma Island_Itutiu",3.1,0.139475473004943,1.23369938686573,1.61973773650247,2.16684969343286
"Rotuma","Rotuma Island","Juju","Rotuma Island_Juju",3.3,0.0897382915864111,1.34194960078463,1.69486914579321,2.32097480039231
"Rotuma","Rotuma Island","Malhaha","Rotuma Island_Malhaha",2.7,0.0926326705190953,1.1642725071591,1.39631633525955,1.93213625357955
"Rotuma","Rotuma Island","Noatau","Rotuma Island_Noatau",3.4,0.0369281446322444,0.916680080897471,1.71846407231612,2.15834004044874
"Rotuma","Rotuma Island","Oinafa","Rotuma Island_Oinafa",3.4,0.0271645017597296,0.775609596027343,1.71358225087986,2.08780479801367
"Rotuma","Rotuma Island","Pepjei","Rotuma Island_Pepjei",2.7,0.0342743098536541,1.09011042126772,1.36713715492683,1.89505521063386
"Macuata","Cikobia Island","Cikobia","Cikobia Island_Cikobia",6,0.240647440355335,0.112829026055766,3.12032372017767,3.05641451302788
"Kadavu","Vurosewa Island","Nakasaleka","Vurosewa Island_Nakasaleka",5.6,1.0212051810459,2.31078028834231,3.31060259052295,3.95539014417115
"Ra","Nananu-i-Ra Island","Rakiraki","Nananu-i-Ra Island_Rakiraki",5.7,0.670601784303731,1.75834182807805,3.18530089215187,3.72917091403903
"Ra","Nananu- i-Cake Island","Rakiraki","Nananu- i-Cake Island_Rakiraki",5.7,0.646387863514369,1.44853089379777,3.17319393175718,3.57426544689889
"Tailevu","Naigani Island","Sawakasa","Naigani Island_Sawakasa",5.6,0.350468279108741,1.26652216863659,2.97523413955437,3.4332610843183
"Lau","Mago Island","LauOther","Mago Island_LauOther",4.1,0.165788881602991,1.0022842239649,2.1328944408015,2.55114211198245
"Lau","Munia Island","Lomaloma","Munia Island_Lomaloma",5.8,0.164486326009246,1,2.98224316300462,3.4
"Lau","Susui Island","Lomaloma","Susui Island_Lomaloma",5.8,0.167953968901074,1.03928314026793,2.98397698445054,3.41964157013396
"Lau","Kanacea Island","LauOther","Kanacea Island_LauOther",4.1,0.164486326009246,1,2.13224316300462,2.55
"Lau","Nayau Island","Nayau","Nayau Island_Nayau",5.4,0.18535597401672,1.05120019629417,2.79267798700836,3.22560009814709
"Lau","Namuka-i-Lau  Island","Kabara","Namuka-i-Lau  Island_Kabara",4.5,0.179838920014726,1.05513090489492,2.33991946000736,2.77756545244746
"Lau","Komo","Kabara","Komo_Kabara",4.5,0.180412186655941,1.36407101696558,2.34020609332797,2.93203550848279
"Lau","Vatuvara","LauOther","Vatuvara_LauOther",4.1,0.164486326009246,1,2.13224316300462,2.55
"Cakaudrove","Rabi Island","Rabi","Rabi Island_Rabi",4.6,3.2594407033426,2.84594221486013,3.9297203516713,3.72297110743006
"Macuata","Kia","Macuata","Kia_Macuata",6.1,2.36514579637511,3.00521158524158,4.23257289818755,4.55260579262079
"Ba","Nacula Island","Yasawa","Nacula Island_Yasawa",6.5,0.945313946186824,1.21305586366323,3.72265697309341,3.85652793183162
"Lomaiviti","Makogai","LomaiOther","Makogai_LomaiOther",3.7,0.118684702284289,1.08515226567513,1.90934235114214,2.39257613283756
"Lomaiviti","Koro West","Koro","Koro West_Koro",6.1,0.527958106585889,1.23714607104769,3.31397905329294,3.66857303552385
"Lomaiviti","Gau North","Gau","Gau North_Gau",5.2,0.900588247083791,1.48157004381561,3.0502941235419,3.3407850219078
"Lomaiviti","Gau South East","Gau","Gau South East_Gau",5.2,0.211143081813432,1.021277531791,2.70557154090672,3.1106387658955
"Lomaiviti","Gau West","Gau","Gau West_Gau",5.2,1.42606138244655,2.22105733013408,3.31303069122328,3.71052866506704
"Lau","Cicia","Cicia","Cicia_Cicia",4.7,0.53208199022297,1.96977109508391,2.61604099511149,3.33488554754196
"Ba","Waya","Naviti","Waya_Naviti",6.3,0.929205342132431,1.12326619350309,3.61460267106622,3.71163309675154
"Ba","Wayasewa","Vuda","Wayasewa_Vuda",6.3,2.38887308889844,3.06777273292528,4.34443654444922,4.68388636646264
"Ba","Kuata","Vuda","Kuata_Vuda",6.3,2.31210994728069,2.73328368861687,4.30605497364035,4.51664184430843
"Nadroga_Navosa","Mana","Malolo","Mana_Malolo",4.3,0.576977774181208,2.05524901638022,2.4384888870906,3.17762450819011
"Nadroga_Navosa","Tavua","Malolo","Tavua_Malolo",4.3,0.564511622809225,1.50394855295479,2.43225581140461,2.9019742764774
"Lau","Vatoa","Ono","Vatoa_Ono",5,0.184154914223596,1.1896427853245,2.5920774571118,3.09482139266225
"Lau","Vulaga Island","Vulaga","Vulaga Island_Vulaga",3.7,0.237610574263892,1.22539637731885,1.96880528713195,2.46269818865942
"Lau","Cikobia-I-Lau","Mualevu","Cikobia-I-Lau_Mualevu",6.1,0.164486326009246,1,3.13224316300462,3.55
"Lau","Vanuabalavu East","Lomaloma","Vanuabalavu East_Lomaloma",5.8,0.240999566395839,1.17257401524633,3.02049978319792,3.48628700762317
"Lau","Vanuabalavu East","Mualevu","Vanuabalavu East_Mualevu",6.1,0.222035682393819,1.05544827736987,3.16101784119691,3.57772413868494
"Lau","Ogea Driki Island","Vulaga","Ogea Driki Island_Vulaga",3.7,0.164486326009246,1,1.93224316300462,2.35
"Lau","Ogea Levu Island","Vulaga","Ogea Levu Island_Vulaga",3.7,0.171098850607295,1.02112211417499,1.93554942530365,2.3605610570875
"Kadavu","Bulia","Nakasaleka","Bulia_Nakasaleka",5.6,0.107462971842792,1.38102472442178,2.8537314859214,3.49051236221089
"Lau","Ono-i-Lau","Ono","Ono-i-Lau_Ono",5,0.186149269493777,1.12838214818665,2.59307463474689,3.06419107409332
"Cakaudrove","Qamea","Wainikeli","Qamea_Wainikeli",6.1,3.07003467592405,3.29749720579228,4.58501733796203,4.69874860289614
"Cakaudrove","Laucala","Wainikeli","Laucala_Wainikeli",6.1,1.37849295411906,1.83940728686705,3.73924647705953,3.96970364343353
"Kadavu","Kadavu West","Nabukelevu","Kadavu West_Nabukelevu",5.7,0.989391577529152,1.22905995863737,3.34469578876458,3.46452997931868
"Kadavu","Kadavu West","Tavuki","Kadavu West_Tavuki",5.3,2.05873078064751,1.44779270305968,3.67936539032375,3.37389635152984
"Kadavu","Kadavu Central","Naceva","Kadavu Central_Naceva",5.6,0.129726492058038,0.82915583513792,2.86486324602902,3.21457791756896
"Kadavu","Kadavu Central","Tavuki","Kadavu Central_Tavuki",5.3,0.492314074504804,0.867765583444472,2.8961570372524,3.08388279172224
"Kadavu","Kadavu East","Naceva","Kadavu East_Naceva",5.6,0.659725322472662,0.877064050168881,3.12986266123633,3.23853202508444
"Kadavu","Kadavu East","Nakasaleka","Kadavu East_Nakasaleka",5.6,0.668505194738517,0.92272392583426,3.13425259736926,3.26136196291713
"Kadavu","Kadavu East","Tavuki","Kadavu East_Tavuki",5.3,0.0820179233427069,1.56005447781621,2.69100896167135,3.4300272389081
"Ba","Viwa Island","Naviti","Viwa Island_Naviti",6.3,0.67234503690075,0.65601991276389,3.48617251845037,3.47800995638195
"Ba","Naviti","Naviti","Naviti_Naviti",6.3,1.02490868447646,0.996884717780119,3.66245434223823,3.64844235889006
"Ba","Yasawa Island","Yasawa","Yasawa Island_Yasawa",6.5,0.99361439299958,1.07203894650267,3.74680719649979,3.78601947325133
"Lomaiviti","Nairai","Nairai","Nairai_Nairai",6.4,0.390206148123407,1.4344899369023,3.3951030740617,3.91724496845115
"Lau","Naitauba","LauOther","Naitauba_LauOther",4.1,0.170348997447276,1.03134417155886,2.13517449872364,2.56567208577943
